Catalog#,Artist,Title,Label,Format,Rating,Released,release_id,CollectionFolder,Date Added,Collection Media Condition,Collection Sleeve Condition,Collection Notes,Collection Cost,Collection Autographed
1859-23,Vukari,En To Pan,1859 Records,"LP, EP",,2015,6820328,Vinyl,2015-06-12 18:35:30,,,,15,
SPIN048,Pallbearer,Sorrow And Extinction,20 Buck Spin,"2xLP, Album, RP, Blu",4,2015,6825240,Vinyl,2016-02-26 11:05:51,,,,15,
SPIN065,Mournful Congregation,Concrescence Of The Sophia,20 Buck Spin,"LP, MiniAlbum",,2014,5807031,Vinyl,2018-06-03 15:21:30,,,,17,
SPIN072,Obsequiae,Aria Of Vernal Tombs,20 Buck Spin,"LP, Album, Cle",,2016,8556349,Vinyl,2017-04-27 18:58:33,,,,15,
SPIN075,Khemmis,Absolution,20 Buck Spin,"LP, Album, RP",,2015,8551023,Vinyl,2017-01-18 15:05:46,,,,18,Yes
SPIN076,Khemmis,Hunted,20 Buck Spin,"LP, Album",,2016,9222656,Vinyl,2017-01-18 15:05:27,,,,18,Yes
SPIN091,Acephalix,Decreation,20 Buck Spin,"LP, Album",,2017,10946608,Vinyl,2018-05-29 18:20:17,,,,15,
SPIN093,Spirit Adrift,Curse Of Conception,20 Buck Spin,"LP, Album, Oli",,2018,12305606,Vinyl,2018-12-18 12:39:15,,,,15,
SPIN101LP,Tomb Mold,Manor Of Infinite Forms,20 Buck Spin,"LP, Album, Ltd, Ora",,2018,12090041,Vinyl,2018-08-16 12:47:55,,,,15,
SPIN112,Immortal Bird,Thrive On Neglect,20 Buck Spin,"LP, Album, Ltd",,2019,13835380,Vinyl,2019-07-21 20:18:14,,,,21,Yes
SPIN114,Tomb Mold,Planetary Clairvoyance,20 Buck Spin,"LP, Album, Ltd, Sil",,2019,13909660,Vinyl,2020-02-22 16:07:25,,,,20,Yes
"SPIN045, OPLP264",Mournful Congregation,The Book Of Kings,"20 Buck Spin, Osmose Productions","2xLP, Album, RP",,2018,13018313,Vinyl,2019-05-27 12:39:02,,,,16,
"SPIN081, OPLP338",Mournful Congregation,The Incubus Of Karma,"20 Buck Spin, Osmose Productions","2xLP, Album, Ltd",5,2018,11750808,Vinyl,2018-08-04 08:30:08,,,,27,Yes
ABXN-001,Baroness,Purple,Abraxan Hymns,"LP, Album, Ltd, Pur",4,2015,7860521,Vinyl,2015-12-20 17:36:57,,,,16,
"AA120, HALO101",Hexis (2),Tando Ashanti,"Alerta Antifascista, Halo Of Flies","LP, Album",,2017,10215940,Vinyl,2018-04-29 19:41:49,,,,6,
"AA125, HALO102",Archivist (2),Construct,"Alerta Antifascista, Halo Of Flies","2xLP, Album",,2017,10298972,Vinyl,2018-04-29 19:42:32,,,,11,
"AA98, MOC075",Alaskan,"Despair, Erosion, Loss","Alerta Antifascista, Moment of Collapse Records","LP, Album",,2014,5426114,Vinyl,2015-06-12 18:34:17,,,,12,
AOR030,"Thou (2), Ragana (2)",Let Our Names Be Forgotten,An Out Recordings,"12"", EP, Tra",,2018,12579088,Vinyl,2019-04-14 08:37:21,,,,15,
Armageddon Shop 009,Elder (2),Lore,Armageddon Shop,"2xLP, Album",,2015,6695849,Vinyl,2015-03-19 17:44:42,,,,20,Yes
SD 16019,Yes,Drama,Atlantic,"LP, Album, Gat",,1980,10123561,Vinyl,2020-02-22 15:52:33,,,,4,
SD 18122,Yes,Relayer,Atlantic,"LP, Album, Gat",,1974,755646,Vinyl,2014-09-06 11:59:56,,,,4,
SD 19132,Yes,Fragile,Atlantic,"LP, Album, RE, SRC",,1977,2637700,Vinyl,2014-09-06 11:59:10,,,,4,
SD 2-908,Yes,Tales From Topographic Oceans,Atlantic,"2xLP, Album, Gat",,1973,8535940,Vinyl,2020-02-22 15:50:35,,,,5.50,
SD 3-100,Yes,Yessongs,Atlantic,"3xLP, Album",5,1973,8179158,Vinyl,2017-04-20 19:05:16,,,,5,
SD 8245,King Crimson,In The Court Of The Crimson King  An Observation By King Crimson,Atlantic,"LP, Album, RE, PRC",,1975,4254321,Vinyl,2014-05-05 21:14:23,,,,12,
SD 8283,Yes,The Yes Album,Atlantic,"LP, Album, RE, PR;",,0,7116823,Vinyl,2019-07-21 20:21:24,,,,5.50,
BOBV097LP,Opeth,Orchid,Back On Black,"2xLP, Album, RE, 180",5,2008,5238284,Vinyl,2016-04-01 11:48:26,,,,22,
BOBV098LPLTD,Opeth,Morningrise,Back On Black,"2xLP, Album, Ltd, RE, Whi",,2013,4483594,Vinyl,2015-03-19 17:42:48,,,,6,
BOBV099LP,Opeth,"My Arms, Your Hearse",Back On Black,"2xLP, Album, RE, 180",,2008,3525271,Vinyl,2015-03-19 17:43:03,,,,6,
BOBV359LP,Enslaved,Vertebrae,Back On Black,"2xLP, RE, 180",,2013,4644561,Vinyl,2015-03-19 17:39:20,,,,30,Yes
BOBV354LP,Cult Of Luna,Vertikal,"Back On Black, Indie Recordings","2xLP, Album, Ltd, 180",5,2013,4224262,Vinyl,2015-06-30 14:42:03,,,,20,Yes
BTR 009,Full Of Hell,Amber Mote In The Black Vault,Bad Teeth Recordings,"7"", EP",,2015,7990113,Vinyl,2016-06-18 13:21:27,,,,5,
BSK033CD,Uneven Structure,Februus,Basick Records,"2xCD, Album",,2011,3232432,CD,2014-01-18 17:56:33,,,,8,
BSK036LP,Chimp Spanner,All Roads Lead Here,Basick Records,"12"", EP, Ltd, Cle",,2012,3403278,Vinyl,2014-01-18 17:55:31,,,,12,
BSK064CD,Skyharbor,Guiding Lights,Basick Records,"CD, Album, Dig",,2014,6295962,CD,2015-03-19 17:43:18,,,,30,Yes
BSK888CD,Uneven Structure,8,Basick Records,"CD, EP, Re-",,2013,4658190,CD,2014-01-18 18:04:45,,,,8,
"BSK024LP, RSD13-001",Chimp Spanner,At The Dream's Edge,"Basick Records, Record Store Day","2xLP, Album, Ltd",,2013,4557732,Vinyl,2014-01-18 17:55:10,,,,15,
"BSK033LP, RSD13-002",Uneven Structure,Februus,"Basick Records, Record Store Day","2xLP, Album",,2013,4528159,Vinyl,2014-01-18 17:56:47,,,,15,
"BSK039LP , RSD13-003",Skyharbor,Blinding White Noise: Illusion & Chaos,"Basick Records, Record Store Day","2xLP, Album",,2013,4683353,Vinyl,2014-01-18 17:54:39,,,,15,Yes
"BSK044LP, RSD13-004",The Algorithm,Polymorphic Code,"Basick Records, Record Store Day","2xLP, Album",,2013,4872239,Vinyl,2014-01-18 17:56:04,,,,15,
BR020,Falls Of Rauros / Panopticon (6),Brotherhood,Bindrune Recordings,"12"", Ltd",,2014,5674670,Vinyl,2017-04-24 06:23:22,,,,15,Yes
BR057LP,Panopticon (6),The Crescendo Of Dusk ,Bindrune Recordings,"12"", S/Sided, EP, Etch, Gre",,2019,13842464,Vinyl,2020-02-22 16:13:29,,,,15,
BR061LP,Aerial Ruin / Panopticon (6),Split LP,Bindrune Recordings,"LP, Cle",,2020,14732672,Vinyl,2020-02-22 16:13:43,,,,18,
BR062LP,Nechochwen / Panopticon (6),Split LP,Bindrune Recordings,"LP, Fla",,2020,14733730,Vinyl,2020-02-22 16:14:26,,,,18,
"BR022LP, NVP023LP",Falls Of Rauros,Believe In No Coming Shore,"Bindrune Recordings, Nordvis Produktion","LP, Album",,2014,6562822,Vinyl,2017-04-24 06:27:05,,,,15,Yes
"BR039LP, NVP044LP",Panopticon (6),Revisions Of The Past,"Bindrune Recordings, Nordvis Produktion","2xLP, Comp, Ltd, RM",,2017,9835675,Vinyl,2017-04-24 06:23:27,,,,25,
"BR054LP, NVP085LP",Eneferens,The Bleakness Of Our Constant,"Bindrune Recordings, Nordvis Produktion","LP, Album, Pur",,2018,12811677,Vinyl,2019-07-21 20:26:47,,,,17,Yes
YOTZ#2017-001,Tomb Mold,Primordial Malignity,Blood Harvest,"LP, Album, RP, Ora",,2018,12692617,Vinyl,2019-07-21 20:23:23,,,,21,Yes
YOTZ#2017-002,Suffering Hour,In Passing Ascension,Blood Harvest,"LP, Album",,2017,10399291,Vinyl,2018-06-09 22:06:48,,,,15,
YOTZ#2017-023,Tomb Mold,The Bottomless Perdition + The Moulting,Blood Harvest,"LP, Comp",,2017,11507280,Vinyl,2019-07-21 20:23:43,,,,21,Yes
blood - 177,Astronoid,Air,Blood Music (2),"LP, Album, Ltd, Swi",,2016,9528258,Vinyl,2019-06-18 10:17:56,,,,30,Yes
BLOOD-030R,Ne Obliviscaris,Portal Of I,Blood Music (2),"2xLP, Album, Ltd, RM, RP, Pur",,2014,6448037,Vinyl,2014-12-29 18:42:43,,,,30,Yes
BLOOD-059R,Perturbator,Dangerous Days,Blood Music (2),"2xLP, Album, Ltd, RP",5,2016,8415227,Vinyl,2017-04-19 10:12:32,,,,20,
BLOOD-070,Leprous,Bilateral,Blood Music (2),"2xLP, Album, Ltd, RM, Cle",5,2014,6457829,Vinyl,2014-12-29 18:43:09,,,,40,Yes
BLOOD-087R,Gost (2),Behemoth,Blood Music (2),"LP, Album, RP",,2016,9147501,Vinyl,2017-01-02 11:16:56,,,,20,
BLOOD-093R,Perturbator,I Am The Night,Blood Music (2),"2xLP, Album",,2016,8520401,Vinyl,2017-01-12 20:05:15,,,,30,Yes
BLOOD-095R,Perturbator,Terror 404 ,Blood Music (2),"2xLP, Album, Ltd, RM, RP",,2015,7316167,Vinyl,2017-01-12 20:04:24,,,,30,Yes
BLOOD-160,Perturbator,The Uncanny Valley,Blood Music (2),"2xLP, Album, Ltd, Pur",,2016,8414087,Vinyl,2017-01-12 20:06:30,,,,30,Yes
BLOOD-165,Gost (2),Non Paradisi,Blood Music (2),"2xLP, Album, Ltd, Bla",,2016,9139910,Vinyl,2017-01-02 11:17:22,,,,30,Yes
"BLOOD 200, VOID 001",Perturbator,New Model,"Blood Music (2), Music Of The Void","12"", EP",5,2017,10895884,Vinyl,2017-10-19 12:19:26,,,,20,
BLR055,Immortal Bird,Empress/Abscess,Broken Limbs Recordings,"12"", Album, Ltd, Bla",,2015,7436093,Vinyl,2016-06-03 16:03:23,,,,15,
BWR029,Vattnet Viskar,Vattnet Viskar,Burning World Records,"12"", EP, Ltd",4,2012,4253297,Vinyl,2016-04-04 08:25:12,,,,20,Yes
5760674,Carpenter Brut,Trilogy,"Caroline International, No Quarter (2), Les Airs à Vif","3xLP, Comp, RE",,2017,10500343,Vinyl,2019-05-02 19:51:08,,,,36,
"422-811 492-1 M-1, 811492-1 M-1",Various,Flashdance (Original Soundtrack From The Motion Picture),"Casablanca, Casablanca","LP, Album, 26",4,1983,2969044,Vinyl,2017-04-02 18:00:36,,,,2,
8513-1,Intronaut,Prehistoricisms,Century Media,"2xLP, Album, Ltd, Whi",,2008,1878087,Vinyl,2016-09-16 18:23:59,,,,22,
8743-2,TesseracT,One,Century Media,"CD, Album + DVD-V, NTSC + Ltd, Dig",5,2011,2787424,CD,2013-12-27 18:47:08,,,,11,
88875199271,Tiamat,Wildhoney,Century Media,"LP, Album, RE, RM, 180",,2016,8267989,Vinyl,2017-02-11 20:01:07,,,,18,
88985355381,Cynic (2),Uroboric Forms - The Complete Demo Recordings,Century Media,"LP, Red + 7"", Red + Comp + CD, Comp + Ltd, RM",,2017,9811577,Vinyl,2019-07-21 20:22:02,,,,12,
8974-8,Tesseract,Altered State,Century Media,"CD, Album + CD, Album, Ins + Dig",5,2013,4669627,CD,2013-12-27 18:46:40,,,,17,
9047-1,Vattnet Viskar,Sky Swallower,Century Media,"LP, Album, Ltd, Whi",,2013,4894338,Vinyl,2014-03-25 19:33:58,,,,15,Yes
9981441,Vildhjarta,Måsstaden,Century Media,"LP, Album, Ltd, Gre + CD, Ins",5,2015,7616809,Vinyl,2015-10-20 13:38:25,,,,17,
9982142,Monuments (5),Gnosis,Century Media,"CD, Album",,2012,4548733,CD,2014-09-05 10:12:22,,,,10,
9982741,Tesseract,Altered State,Century Media,"2xLP, Album, Ltd, Whi",5,2013,4597647,Vinyl,2013-12-27 18:45:23,,,,20,
9983171,Intronaut,Habitual Levitations (Instilling Words With Tones),Century Media,"2xLP, Album, Ltd, Red",,2013,4465515,Vinyl,2016-04-04 08:25:30,,,,30,Yes
9983831,Insomnium,Shadows Of The Dying Sun,Century Media,"2xLP, Album",,2014,5646799,Vinyl,2015-01-31 12:13:22,,,,25,Yes
9984321,Monuments (5),The Amanuensis,Century Media,"LP, Ltd, Gol + CD, Album",,2014,5804760,Vinyl,2014-09-05 10:12:39,,,,20,Yes
9984811,TesseracT,One,Century Media,"LP, Album, Cle + CD, Album + Ltd, RE",5,2015,7377318,Vinyl,2015-08-27 10:56:11,,,,31,Yes
9985181,Tesseract,Odyssey / Scala,Century Media,"2xLP, Album + DVD-V",,2015,7035683,Vinyl,2015-06-12 18:31:38,,,Sell,30,
CMD9984761,Gorguts,Obscura,Century Media,"2xLP, Album, Ltd, RE, Min",4,2015,6878496,Vinyl,2015-12-13 15:58:33,,,,20,
CMR9246-2,Vattnet Viskar,Settler,Century Media,"LP, Album",4,2015,7176123,Vinyl,2015-06-27 10:40:14,,,,18,Yes
CMR92901,Intronaut,The Direction Of Last Things,Century Media,"LP, Etch, Ltd, Red + LP, Ltd, Red",5,2015,7869679,Vinyl,2015-12-21 13:00:40,,,,30,Yes
9074-1,Vildhjarta,Thousands Of Evils,Century Media Records,"12"", EP, Cle",,2013,5005987,Vinyl,2013-12-27 20:10:40,,,,18,
CLO 0903,Icarus Witch,Goodbye Cruel World,Cleopatra,"LP, Album, Ltd",5,2018,12995416,Vinyl,2019-05-28 06:55:20,,,,32,
CCA059,Vein (14),Errorzone,Closed Casket Activities,"LP, Album, Ltd, Roy",,2018,12168836,Vinyl,2018-12-18 14:37:43,,,,13,
CS 8192,The Dave Brubeck Quartet,Time Out,Columbia,"LP, Album",,1961,2676016,Vinyl,2014-05-05 21:16:40,,,,20,
88985390921,Judas Priest,Painkiller,"Columbia, Legacy, Sony Music","LP, Album, RE",5,2017,11203096,Vinyl,2018-01-28 18:14:14,,,,16,
cr-089,Thou (2),Inconsolable,Community Records (3),"LP, EP, Ltd, Whi",5,2018,12305644,Vinyl,2018-08-04 08:31:22,,,,10,
SOUL0051,Wiegedood,De Doden Hebben Het Goed,Consouling Sounds,"LP, Album, RP, Sol",,2018,12060685,Vinyl,2019-06-09 11:25:39,,,,20,Yes
SOUL0081,Wiegedood,De Doden Hebben Het Goed II ,Consouling Sounds,"LP, RP, sol",,2019,13749488,Vinyl,2019-06-13 06:20:51,,,,20,Yes
CRUZ564,Smoulder,Times Of Obscene Evil And Wild Daring,Cruz Del Sur Music,"LP, Album",,2019,13562440,Vinyl,2019-05-27 12:39:56,,,,20,Yes
DDR068LP,Wodensthrone,Curse,Dark Descent Records,"2xLP, Album, Ltd",,2012,4354145,Vinyl,2015-06-12 18:35:58,,,,20,
DDR099LP,Thantifaxath,Sacred White Noise,Dark Descent Records,"LP, Album",,2014,5658282,Vinyl,2015-06-12 18:34:56,,,,14,
DDR192LP,Spectral Voice,Eroded Corridors Of Unbeing ,Dark Descent Records,"LP, Album",5,2017,10941375,Vinyl,2017-11-26 07:31:07,,,,17,
DDR193LP,Thantifaxath,Void Masquerading As Matter,Dark Descent Records,"LP, EP",,2018,11324972,Vinyl,2018-06-09 22:07:39,,,,15,
DDR202LP,Skeletal Remains (3),Devouring Mortality,Dark Descent Records,"LP, Album",,2018,11885146,Vinyl,2018-06-09 22:05:26,,,,18,
"DDR151LP, none",Ripper,Experiment Of Existence,"Dark Descent Records, Unspeakable Axe Records","LP, Album",,2016,8114030,Vinyl,2018-06-06 10:47:02,,,,17,
 DWI98,Converge,Axe To Fall,Deathwish,"LP, Album, RP, Bro",,2014,6087107,Vinyl,2014-12-23 19:56:35,,,,8,
DW120,Deafheaven,Roads To Judah,Deathwish,"LP, Album, RP, Cle",,2012,4693633,Vinyl,2014-05-05 21:23:21,,,Sell,15,
DW146,Deafheaven,Sunbather,Deathwish,"12"",  Pi + 12"", Yel + Album, RP",,2013,4755491,Vinyl,2014-03-25 19:32:22,,,Sell,20,
DW157,Converge,Live At The BBC,Deathwish,"7"", EP, Gre",4,2014,5424301,Vinyl,2015-12-09 09:19:21,,,,6.50,
DW183v,Cult Leader,Lightless Walk,Deathwish,"LP, Album, RP, Oxb",,2018,11456912,Vinyl,2018-12-18 14:38:10,,,,15,
DW187,Bossk,Audio Noir,Deathwish,"LP, Album, Pur",5,2016,8320671,Vinyl,2016-04-07 11:03:53,,,Used trade money,15,
DW203v,Thou (2),Rhea Sylvia,Deathwish,"12"", EP",5,2018,12300422,Vinyl,2018-08-04 08:32:19,,,,15,
DW208v,Cult Leader,A Patient Man,Deathwish,"LP, Album",,2018,12765885,Vinyl,2018-12-18 14:38:34,,,,20,
DWI72.1,Converge,Jane Doe,"Deathwish, Equal Vision Records","2x12"", Album, RE, RP",,2010,2719451,Vinyl,2015-03-19 17:39:03,,,,12,
DMP0132,Latitudes,Old Sunlight,Debemur Morti Productions,"LP, Album",,2016,8013199,Vinyl,2018-06-03 15:20:42,,,,18,
#117,Weekend Nachos,Unforgivable,Deep Six Records,"12"", Album, Gre",,2009,4878449,Vinyl,2015-03-07 17:34:38,,,,10,
#207 ,Weekend Nachos,Still,Deep Six Records,"12"", Album",,2013,5087789,Vinyl,2014-09-05 10:21:55,,,,10,
DEEP SIX #157,Weekend Nachos,Worthless,Deep Six Records,"LP, Album, Whi",,2011,4034995,Vinyl,2015-03-07 17:38:18,,,,10,
DSR #271,Weekend Nachos,Apology,Deep Six Records,"LP, Album, Cle",,2016,8560707,Vinyl,2016-07-02 12:32:00,,,,15,
DEN179,Celeste (4),Animale(s),Denovali Records,"2xLP, Album, Ltd, RP, Whi",,2015,7335200,Vinyl,2018-06-09 22:09:27,,,,25,Yes
DEN52,Celeste (4),Morte(s) Nee(s),Denovali Records,"LP + LP, S/Sided + Album, Ltd, RP",,2011,3559532,Vinyl,2018-06-09 22:09:07,,,,25,Yes
DGC-24727,Nirvana,MTV Unplugged In New York,DGC,"LP, Album, RE, RP, 180",,2013,6553015,Vinyl,2019-10-23 19:04:04,,,,20,
B0018959-01,Nirvana,In Utero (2013 Mix),"DGC, UMe","2x12"", Album, Gat",4,2013,5146137,Vinyl,2018-02-04 20:38:17,,,,19,
5551-1,Vektor,Black Future,Earache,"2xLP, Album, RE",5,2015,7951132,Vinyl,2016-06-03 15:59:03,,,,15.33,Yes
5552-1,Vektor,Outer Isolation,Earache,"LP, Album, RE",5,2015,7957315,Vinyl,2016-06-03 15:59:34,,,,15.33,Yes
MOSH 283LP,Cult Of Luna,Salvation,Earache,"2xLP, Album, Ltd, RE, Whi",4,2016,8356773,Vinyl,2016-04-08 12:09:12,,,,45,
MOSH097FDR,Carcass,Heartwork,Earache,"LP, Album, RE, RM",,2016,9332050,Vinyl,2016-12-05 20:58:56,,,,22,
MOSH143FDR,At The Gates,Slaughter Of The Soul,Earache,"LP, Album, RE, RM, Ful",,2014,6053531,Vinyl,2016-12-05 20:59:54,,,,22,
MOSH263LPUS,Cult Of Luna,The Beyond,Earache,"2xLP, Album, Ltd, RE, Sil",5,2018,11538292,Vinyl,2018-02-18 16:05:50,,,,32,
MOSH271LPUS,Cult Of Luna,Cult Of Luna,Earache,"2xLP, Album, Ltd, RE, Red",5,2017,11336938,Vinyl,2017-12-28 17:52:14,,,,32,
MOSH359LPUS ,Cult Of Luna,Eternal Kingdom,Earache,"2xLP, Album, RE, Gol",5,2017,11241685,Vinyl,2017-12-16 09:13:06,,,,31.75,
MOSH553LP,Vektor,Terminal Redux,Earache,"2xLP, Album, Ltd",5,2016,8486108,Vinyl,2016-06-03 16:00:15,,,,15.33,Yes
MOSH 344LP,Cult Of Luna,Somewhere Along The Highway,Earache Records,"2xLP, Album, Dlx, Ltd, RE, Gol",5,2016,8359989,Vinyl,2016-04-08 12:09:25,,,,45,
EISEN104,Uada,Devoid Of Light,Eisenwald Tonschmiede,"LP, Album, RP, Sil",5,2017,9983076,Vinyl,2017-05-30 22:16:46,,,,20,
EME054,Bongripper,The Great Barrier Reefer,Emetic Records,"CD, Album, RE, RM",,2012,3964583,CD,2015-03-07 18:10:45,,,,5,
EAL063,Deathspell Omega,Inquisitors Of Satan,End All Life Productions,"LP, Album, RE",,2018,13073096,Vinyl,2019-07-21 20:19:20,,,,22,No
EAL065,Deathspell Omega,Manifestations 2002,End All Life Productions,"LP, Comp, RE, RP",,2019,13074520,Vinyl,2019-06-09 11:28:25,,,,20,
EOM-CD-9448,Black Crown Initiate,The Wreckage Of Stars,eOne Music,"CD, Album",,2014,6210509,CD,2015-06-12 18:45:29,,,,10,
EOM-LP-5422,The Contortionist (2),Clairvoyant,"eOne, Good Fight Music","2xLP, Album, Ltd, Bla",5,2017,10850318,Vinyl,2017-11-11 14:06:21,,,,27,
88697 07965 2,Chevelle (2),Vena Sera,Epic,"CD, Album, Bes",,2007,5365531,CD,2015-07-14 08:41:25,,,,,
88843 03629 2,Chevelle (2),La Gárgola,Epic,"CD, Album, Copy Prot.",,2014,5563951,CD,2015-05-27 12:59:24,,,,10,
EK 93480,Chevelle (2),This Type Of Thinking (Could Do Us In),Epic,"CD, Album",,2004,2751295,CD,2015-07-14 08:39:20,,,,,
19075803641,Hans Zimmer & Benjamin Wallfisch,Blade Runner 2049 - Original Motion Picture Soundtrack,"Epic, Alcon Sleeping Giant","2xLP, Album, 150",,2017,11343552,Vinyl,2018-02-21 09:46:43,,,,22,
"322-21, eld034",Ash Borer / Fell Voices,Ash Borer / Fell Voices,"Eternal Warfare, Gilead Media","LP, Ltd, RE",,2011,2750307,Vinyl,2015-06-12 18:35:20,,,,16,
FR53,Sannhet,Revisionist,Flenser Records,"LP, Album",5,2015,6736700,Vinyl,2015-09-09 11:34:11,,,,17.50,
"FR35, none",Panopticon (6),Kentucky,"Flenser Records, Lundr Records","2xLP, Album, RP",4,2013,4795486,Vinyl,2015-09-09 11:34:35,,,,17.25,
GHS 24099,Whitesnake,Whitesnake,Geffen Records,"LP, Album",3,1987,383094,Vinyl,2015-08-09 18:23:33,,,,0.50,
ELD-023,Krallice,Krallice,Gilead Media,"2xLP, Album, Ltd, RE, Smo",,2019,13787609,Vinyl,2019-07-21 20:25:26,,,,25,
eld028,Krallice,Dimensional Bleedthrough,Gilead Media,"2xLP, Album, Ltd, RE, Smo",,2019,13787631,Vinyl,2019-07-21 20:25:44,,,,25,
RELIC38re,Krallice,Diotima,Gilead Media,"2xLP, Album, RE, RM, smo",,2019,13764929,Vinyl,2019-07-21 20:26:00,,,,25,
RELIC43re,Krallice,Years Past Matter,Gilead Media,"2x12"", Album, RE, RM, smo",,2019,13764990,Vinyl,2019-07-21 20:26:14,,,,25,
RELIC63,Generation Of Vipers,Coffin Wisdom,Gilead Media,"LP, Album",5,2015,6955906,Vinyl,2016-02-26 11:03:51,,,,10,
RELIC67,Pale Chalice,Negate The Infinite And Miraculous,Gilead Media,"LP, Album, Ltd",4,2015,7174134,Vinyl,2015-09-09 11:33:58,,,,13.50,
relic75,Krallice,Hyperion,Gilead Media,"12"", EP",,2016,9015759,Vinyl,2020-02-22 15:57:09,,,,16,
relic85,Yellow Eyes (2),Hammer of Night,Gilead Media,"LP, Album, RE",,2018,13109132,Vinyl,2019-05-27 12:38:22,,,,18,
RELIC93,Yellow Eyes (2),Immersion Trench Reverie,Gilead Media,"LP, Album, Ltd, Gol",,2017,11076921,Vinyl,2018-08-16 12:47:30,,,,15,
GLS-0147-01,Chvrches,The Bones Of What You Believe,"Glassnote (2), Goodbye Records (2)","LP, Album, 180",,2013,4943832,Vinyl,2014-05-05 21:22:33,,,,18,
none,Beastlurker,Sanguine Elixir Of Psychotropic Divination,Godz Ov War,"CD, EP",,2019,14404692,CD,2020-02-22 16:13:10,,,,10,
GFM 025V,The Contortionist (2),Intrinsic,Good Fight Music,"LP, Album, Ltd, Whi",,2013,4220743,Vinyl,2014-10-05 18:54:04,,,,15,
GFM043,The Contortionist (2),Exoplanet,Good Fight Music,"LP, Album, Ltd, RM, Cle",4,2015,7881272,Vinyl,2015-12-28 09:51:23,,,,25.50,
"GFM040, none",The Contortionist (2),Language,"Good Fight Music, eOne","LP, Album, Ltd, Dar",5,2014,6071020,Vinyl,2014-10-05 18:54:14,,,,15,Yes
GRAVE118,Whirr,Sway,Graveface Records,"LP, Album, Ltd, Bro",,2014,6062974,Vinyl,2014-10-10 07:32:19,,,Sell,12,
GBR012,Bongripper,Hippie Killer,Great Barrier Records (2),"CD, Album",,2014,5691924,CD,2015-03-07 18:10:53,,,,5,
GBR013,Bongripper,Miserable,Great Barrier Records (2),"CD, Album",,2014,5962612,CD,2015-03-07 18:11:23,,,,5,
none,Krallice,Rot And Waste Live,Hathenter,"Cass, Album, Comp",,2019,14389764,Tape,2020-02-22 15:58:00,,,,10,
Relic 009,Bunrage / Footpaths,Untitled,Haute Magie,"LP, Cle",,2012,3469073,Vinyl,2016-06-18 13:22:30,,,,,
HCH-018,Scientist (8),10100II00101,Hell Comes Home,"2xLP, Album, Ltd, Gre",,2016,8867165,Vinyl,2016-11-13 17:47:39,,,,20,
14466,Trioscapes,Separate Realities,Hogweed & Fugue Records,"LP, Ltd",,2012,3594802,Vinyl,2014-05-05 21:25:53,,,,15,Yes
HOM 010,Ulver,The Assassination Of Julius Caesar,House Of Mythology,"LP, Album",,2017,10082108,Vinyl,2017-04-24 06:24:42,,,,30,
ORE007,Thou (2),Heathen,Howling Mine,"2xLP, Album",,2014,5826015,Vinyl,2014-12-23 19:54:45,,,,12,
HH66-145,Old Man Gloom,Meditations In B,Hydra Head Records,"LP, Album, RE, RM",3,2015,7012394,Vinyl,2015-09-08 08:06:05,,,,15,
HH666-08,Isis (6),Mosquito Control ,Hydra Head Records,"12"", EP, Ltd, RE, RM, Cle",5,2018,11618982,Vinyl,2018-08-04 08:23:33,,,,17,
HH666-116,Stephen Brodsky,Stephen Brodsky's Octave Museum,Hydra Head Records,"CD, Album",,2006,3634345,CD,2016-09-20 18:56:02,,,,,
HH666-142,Hayaino Daisuki,Headbanger’s Karaoke Club Dangerous Fire,Hydra Head Records,"CD, EP",,2008,4195227,CD,2016-09-20 19:19:27,,,,,
hh666-176,Xasthur,All Reflections Drained,Hydra Head Records,"CD, Album, RM + CD + A5 ",,2009,1796402,CD,2016-09-20 19:12:02,,,,,
HH666-184,Cave In,Planets Of Old,Hydra Head Records,"CD, EP + DVD",,2010,2110401,CD,2016-09-20 18:40:44,,,,,
HH666-229,Pyramids / Horseback,A Throne Without A King,Hydra Head Records,"CD, Album",,2011,5291914,CD,2016-09-20 18:23:16,,,,,
HH666-235,Old Man Gloom,No,Hydra Head Records,"2xLP, Album, RP, Bro",4,2015,7349763,Vinyl,2015-09-08 08:05:51,,,,20,
HH666-239,Split Cranium,Split Cranium,Hydra Head Records,"CD, Album",,2012,4098489,CD,2016-09-20 18:55:07,,,,,
HH666-52,Cave In,Jupiter,Hydra Head Records,"CD, Album",,2000,416414,CD,2016-09-20 18:42:09,,,,,
HH666-86,Botch,061502,Hydra Head Records,"DVD-V, Promo",,2006,2695981,CD,2016-09-20 19:06:24,,,,,
HHH666-177,Hayaino Daisuki,"The Invincible Gate Mind Of The Infernal Fire Hell, Or Did You Mean Hawaii Daisuki?",Hydra Head Records,"CD, EP",,2010,3448546,CD,2016-09-20 19:19:56,,,,,
INDIE 190LLP,Cult Of Luna,Live At La Gaîté Lyrique: Paris,Indie Recordings,"3xLP, Album, Ltd, Num, Ora",5,2017,10141840,Vinyl,2017-04-27 19:02:36,,,,35,
INDIE094LPL,Cult Of Luna,Vertikal + II,Indie Recordings,"2xLP, Album, Cle + 12"", EP, Cle + Comp, Ltd",,2016,8449810,Vinyl,2018-01-06 14:27:21,,,,30,
INDIE194DVDLTD,Cult Of Luna,Years In A Day,Indie Recordings,"CD, Album, Liv + DVD-V, PAL, Liv + CD, Album, Liv ",5,2017,10153253,CD,2017-04-27 19:01:52,,,,40,
INDIE194RB1,Cult Of Luna,Live At Roadburn (2013),Indie Recordings,"2xLP, Album, Ltd",5,2017,10153178,Vinyl,2017-04-27 19:02:17,,,,35,
INDIE194RB2,Cult Of Luna,Somewhere Along The Highway At Roadburn (2016),Indie Recordings,"2xLP, Album, Ltd",5,2017,10153097,Vinyl,2017-04-27 19:02:27,,,,35,
"INDIE168LP, INDIE168LPL4",Cult Of Luna / Julie Christmas,Mariner,"Indie Recordings, Indie Recordings","2xLP, Album, Ltd, Blu",5,2016,8362372,Vinyl,2016-04-08 12:08:46,,,,30,Yes
"INDIE168RSD1, INDIE168RSD2",Cult Of Luna And Julie Christmas,Mariner Live (At De Kreun – Belgium),"Indie Recordings, Indie Recordings","2xLP, Album, Ltd, Cry",,2018,11890872,Vinyl,2020-02-22 16:10:05,,,,30,
IOMLP 412,Haken (2),Restoration,Inside Out Music,"12"", EP + CD, EP",,2014,6242292,Vinyl,2015-06-12 18:26:43,,,,20,
"IOMLP 379, 0506501",Leprous,Coal,"Inside Out Music, Inside Out Music","2xLP, Album",,2013,4563433,Vinyl,2015-03-07 17:38:45,,,,20,Yes
"IOMLP 388, 0506591",Haken (2),The Mountain,"Inside Out Music, Inside Out Music","2xLP, Album + CD, Album",4,2013,4930240,Vinyl,2013-12-27 20:10:21,,,,22,Yes
"IOMLP 420, 0507131",Leprous,The Congregation,"Inside Out Music, Inside Out Music","2xLP, Album, Gat",5,2015,7040180,Vinyl,2016-04-04 08:26:52,,,,24,Yes
"IOMLP 449, 88985307961",Haken (2),Affinity,"Inside Out Music, Inside Out Music","2xLP, Album, Ora + CD, Album + Ltd",4,2016,8497688,Vinyl,2016-05-09 10:08:41,,,,14,
IPC 140LP,Isis (6),Temporal,Ipecac Recordings,3xLP + DVD + Comp,5,2012,4044424,Vinyl,2017-04-02 18:03:02,,,,20,
IPC-181LP,Isis (6),Live VII - 02.25.10,Ipecac Recordings,"2xLP, Album, Ltd, Num, S/Edition, Yel",5,2017,9935167,Vinyl,2017-04-02 18:02:22,,,,18,
IPC-32,Isis (6),Oceanic,Ipecac Recordings,"CD, Album",,2002,376473,CD,2014-03-25 19:51:50,,,,7,
IPC-57,Isis (6),Panopticon,Ipecac Recordings,"CD, Album",,2004,377605,CD,2014-11-22 12:21:40,,,,7,
IPC-81,Isis (6),In The Absence Of Truth,Ipecac Recordings,"CD, Album",,2006,814912,CD,2014-11-22 12:21:51,,,,7,
"IPC80, ipc80",ISIS (6),Clearing The Eye,"Ipecac Recordings, Ipecac Recordings",DVD-V,5,2006,1004097,CD,2017-11-11 14:05:12,,,,10,
J1PV-55425-1,Wyclef Jean,The Preacher's Son,J Records,"2xLP, Promo",,2003,2092873,Vinyl,2016-06-09 11:15:56,,,Sell,.50,
"34224, PZ 34224",Kansas (2),Leftoverture,"Kirshner, Kirshner","LP, Album",3,1976,1476710,Vinyl,2015-08-09 18:25:10,,,,0.86,
KOC-DV-9540,Opeth,Lamentations - Live At Shepherd's Bush Empire 2003,Koch Records,"DVD-V, NTSC, Dig",,2004,474500,CD,2015-06-12 18:29:19,,,,6,
KR-29,Valkyrie (3),Man Of Two Visions,Kreation Records,"LP, Album, Ltd",4,2009,1657368,Vinyl,2015-07-20 11:27:22,,,,15,
B0019254-01,Lorde,Pure Heroine,"Lava, Republic Records","LP, Album",5,2013,5121876,Vinyl,2018-02-18 16:04:09,,,,16,
LCR068-1,Something Is Waiting,Songs For The Sally Beauty Pavilion,Learning Curve Records,LP,,2019,13705462,Vinyl,2020-02-22 16:12:52,,,,15,
LVR-37694-01,Ghost (32),Meliora,"Loma Vista, Rise Above Records","LP, Album",4,2015,7377319,Vinyl,2016-01-14 12:57:27,,,,1.84,
SPV 279701 2LP,Uneven Structure,La Partition,Long Branch Records,"2xLP, Album, Red + CD, Album",5,2017,10097604,Vinyl,2017-05-10 19:21:13,,,,30,
"MB060, MBL060",Old Man Gloom,Christmas,"Magic Bullet Records, Magic Bullet Records","2xLP, Album, Ltd",,2005,874585,Vinyl,2020-02-22 16:04:45,,,,17,
M 7512 1,Black Sites (2),In Monochrome,Mascot Records (2),"LP, Album",5,2017,9815245,Vinyl,2017-02-11 20:01:44,,,,20,
MSAP0005LP,Run The Jewels,Run The Jewels 2,Mass Appeal,"2xLP, Album, RE, S/Edition, Tea",4,2015,6653718,Vinyl,2018-02-21 09:45:28,,,,21,
OLE-1129-1,Julien Baker,Turn Out The Lights,Matador,"LP, Album",,2017,11057018,Vinyl,2018-02-21 09:46:05,,,,18,
"MCA 1688, MCA-1688",Steely Dan,Aja,"MCA Records, MCA Records","LP, Album, RE",5,1980,2457672,Vinyl,2017-04-20 19:03:54,,,,5,
3984-14999-1,Between The Buried And Me,The Parallax: Hypersleep Dialogues,Metal Blade Records,"12"", EP, RP",,2015,6504920,Vinyl,2015-03-13 20:58:03,,,,6,
3984-15148-1,Between The Buried And Me,The Parallax II: Future Sequence,Metal Blade Records,"LP, Blu + LP, Gre + Album",,2012,3937482,Vinyl,2013-12-27 18:25:14,,,,30,
3984-15148-2,Between The Buried And Me,The Parallax II: Future Sequence,Metal Blade Records,"CD, Album, Dig",,2012,4533614,CD,2014-11-19 18:49:14,,,,2.50,
3984-15153-1,Downfall Of Gaia,Suffocating In The Swarm Of Cranes,Metal Blade Records,"LP, Blu + LP, S/Sided, Etch, Blu + Album, Ltd",,2013,5094607,Vinyl,2015-02-10 09:51:55,,,,22,
3984-15273-2,Destrage,Are You Kidding Me? No.,Metal Blade Records,"CD, Album",,2014,5451571,CD,2015-06-12 18:46:34,,,,5,
3984-15392-1,Between The Buried And Me,Coma Ecliptic,Metal Blade Records,"2xLP, Album, Cle",5,2015,7219517,Vinyl,2015-08-06 12:13:28,,,,30,
3984-15190-2,The Ocean (2),Pelagial,"Metal Blade Records, Pelagic Records","2xCD, Album, Dig",,2013,4529061,CD,2013-12-27 21:04:22,,,,12,
3984-15668-0,Cult Of Luna,A Dawn To Fear,"Metal Blade Records, Red Creek","2xLP, Album, Bei + 2xCD, Album + Dlx, Ltd",,2019,14173020,Vinyl,2020-02-22 16:10:49,,,,66,
MUF009,Year Of No Light,Ausserwelt,Music Fear Satan,"2xLP, Album, RP",4,2013,5568316,Vinyl,2015-09-09 11:34:58,,,,19.50,
MOVLP084,Opeth,Blackwater Park,Music On Vinyl,"2xLP, Album, RE, RM, 180",5,2010,3813877,Vinyl,2016-04-04 08:26:31,,,,31,
NDRV048,Vattnet,Vattnet,New Damage Records,"LP, Album, Pin",,2017,10926131,Vinyl,2019-01-11 17:23:35,,,,14.50,
"NVP022, BR021LP",Panopticon (6),Roads To The North,"Nordvis Produktion, Bindrune Recordings","2xLP, Album, Blu",5,2014,6049305,Vinyl,2014-10-05 18:52:24,,,,25,
"NVP034LP, BR034LP",Panopticon (6),Autumn Eternal,"Nordvis Produktion, Bindrune Recordings","2xLP, Album, RE, Gol",5,2018,11706297,Vinyl,2018-04-10 20:26:10,,,,30,
"NVP035LP, BR032LP",Nechochwen,Heart Of Akamon,"Nordvis Produktion, Bindrune Recordings","LP, Album, Ltd, Sil",,2016,9297763,Vinyl,2017-04-24 06:25:12,,,,19,Yes
"NVP039LP, BR035LP",Waldgeflüster / Panopticon (6),Waldgeflüster / Panopticon,"Nordvis Produktion, Bindrune Recordings","LP, Ltd, Mil",,2016,9184880,Vinyl,2018-08-04 08:28:51,,,,15,
"NVP055, BR044",Falls Of Rauros,Vigilance Perennial,"Nordvis Produktion, Bindrune Recordings","LP, Album, Mil",,2017,10042255,Vinyl,2017-04-24 06:27:33,,,,15,Yes
"NVP073LP, BR050LP",Panopticon (6),The Scars Of Man On The Once Nameless Wilderness Part 1,"Nordvis Produktion, Bindrune Recordings","2xLP, Album, Gre",5,2018,11828130,Vinyl,2018-04-10 20:26:40,,,,30,
"NVP074LP, BR050LP",Panopticon (6),The Scars Of Man On The Once Nameless Wilderness Part 2,"Nordvis Produktion, Bindrune Recordings","2xLP, Album, Gre",5,2018,11828180,Vinyl,2018-04-10 20:26:30,,,,30,
NED 005,Deathspell Omega,"Si Monvmentvm Reqvires, Circvmspice.",Norma Evangelium Diaboli,"2xLP, Album, RP",,2016,9858998,Vinyl,2019-05-27 12:41:15,,,,22,
NED 012,Deathspell Omega,"Fas – Ite, Maledicti, In Ignem Aeternum",Norma Evangelium Diaboli,"LP, Album, RP",5,2013,5140549,Vinyl,2015-12-13 15:57:45,,,,20,
NED008LP,Deathspell Omega,Kénôse,Norma Evangelium Diaboli,"LP, RE",,2018,12403873,Vinyl,2019-05-27 12:41:34,,,,25,
NED026,Deathspell Omega,Paracletus,Norma Evangelium Diaboli,"LP, Album",5,2010,2536137,Vinyl,2015-12-13 15:57:29,,,,20,
NED041,Deathspell Omega,The Synarchy Of Molten Bones ,Norma Evangelium Diaboli,"12"", Album",,2016,9292344,Vinyl,2019-05-27 12:42:56,,,,20,
NED047,Deathspell Omega,The Furnaces Of Palingenesia,Norma Evangelium Diaboli,"LP, Album",,2019,13666201,Vinyl,2019-06-09 11:28:43,,,,20,
NED049,Misþyrming,Algleymi,Norma Evangelium Diaboli,"LP, Album",,2019,13663052,Vinyl,2019-06-13 18:02:10,,,,21,
"NED 021, EAL 058",Deathspell Omega / S.V.E.S.T.,Veritas Diaboli Manet In Aeternum,"Norma Evangelium Diaboli, End All Life Productions","LP, Album, RP",,2015,7746140,Vinyl,2019-06-13 18:01:28,,,,21,
"NH-057, none",Mgła,Groza,"Northern Heritage, No Solace","LP, Album, RE, RM",,2019,13665682,Vinyl,2019-05-27 12:40:28,,,,20,
"NH-077, none",Mgła,With Hearts Toward None,"Northern Heritage, No Solace","LP, Album, RE, RM",,2019,13609728,Vinyl,2019-05-27 12:40:46,,,,20,
"NH-089, NS-04",Mgła,Exercises In Futility,"Northern Heritage, No Solace","LP, Album",5,2016,7873071,Vinyl,2016-01-08 12:57:22,,,,20.72,
"NSP 129, NSP 129-CD",Saor,Roots,"Northern Silence Productions, Northern Silence Productions","CD, Album",,2015,6908692,Vinyl,2019-07-21 20:28:39,,,,10,Yes
"NSP 145, NSP 145-CD",Saor,Guardians,"Northern Silence Productions, Northern Silence Productions","CD, Album",,2016,9339377,CD,2019-07-21 20:29:00,,,,10,Yes
"NSP 128, NSP 128-CD",Saor,Aura,"Northern Silence Productions, Soulfood (2), Northern Silence Productions, Soulfood (2)","CD, Album",,2014,5830430,CD,2019-07-21 20:28:18,,,,10,Yes
AIDM- 001,Son Of Aurelius,Under A Western Sun,Not On Label,"CD, Album, Dig",,2014,6047485,CD,2015-06-12 18:46:14,,,,8,Yes
none,Cokegoat,Vessel,Not On Label,"LP, Album, 180",4,2013,6514547,Vinyl,2015-12-21 07:50:39,,,,8,
none,Sioum,Yet Further,Not On Label,"2xLP, Ltd",,2016,8816222,Vinyl,2016-07-28 20:18:01,,,,40,
none,Au Revoir,Veles,Not On Label (Au Revoir Self-released),"LP, Album",4,2016,8202142,Vinyl,2016-04-08 11:41:28,,,,13,
none,Cloudkicker,Beacons,Not On Label (Cloudkicker Self-released),"LP, Album, RP",,2012,3983890,Vinyl,2014-05-05 21:22:04,,,,15,
none,Intronaut,Valley Of Smoke,Not On Label (Intronaut Self-released),"LP, Album, Ltd, RE, Gol",4,2013,4960148,Vinyl,2015-11-21 10:14:59,,,,20,Yes
OTS-LP4,Outrun The Sunlight,Red Bird,Not On Label (Outrun The Sunlight Self-released),"LP, Ltd, Cle",5,2017,10173598,Vinyl,2017-04-27 14:12:14,,,,25,
"NE 3822, 3822",Opeth,Sorceress,"Nuclear Blast Entertainment, Nuclear Blast Entertainment, Moderbolaget Records, Moderbolaget Records","2xLP, Album",,2016,9160056,Vinyl,2019-01-20 12:10:20,,,,20,
"NB 5102, 5102",Opeth,In Cauda Venenum,"Nuclear Blast, Moderbolaget Records, Nuclear Blast, Moderbolaget Records","2xLP, Album",,2019,14511145,Vinyl,2020-02-22 16:08:42,,,,25,
"NB 5102, 5102",Opeth,In Cauda Venenum,"Nuclear Blast, Moderbolaget Records, Nuclear Blast, Moderbolaget Records","2xLP, Album",,2019,14464242,Vinyl,2020-02-22 16:09:08,,,,25,
"NB 2995-1, 2995-1",Soilwork,The Living Infinite,"Nuclear Blast, Nuclear Blast","2xLP, Album, Ltd, Sea",,2013,4440602,Vinyl,2014-09-05 10:25:57,,,,15,
"NB 3446-5, 3446-5",Meshuggah,25 Years Of Musical Deviance,"Nuclear Blast, Nuclear Blast","Box, Comp, Ltd + 12"", EP, RE, Cle + 2xLP, Album, R",5,2016,8808750,Vinyl,2016-07-28 20:17:16,,,,232,
"NB 3467-1, 27361 34671",Enslaved,In Times,"Nuclear Blast, Nuclear Blast","LP + LP, S/Sided, Etch + Album",5,2015,6738912,Vinyl,2015-12-02 07:41:48,,,,14.50,
"NB 3483, 3483",Meshuggah,The Violent Sleep Of Reason,"Nuclear Blast, Nuclear Blast","2xLP, Album, Ltd, Spl",,2016,9157536,Vinyl,2016-10-27 07:16:48,,,,28,
CDVILEB304,Opeth,The Roundhouse Tapes,Peaceville,"2xCD, Album + DVD-V, NTSC + Box",,2010,2715980,CD,2015-06-12 18:28:36,,,,9,
VILELP588,Opeth,The Roundhouse Tapes,Peaceville,"3xLP, Album, RE",,2015,7800801,Vinyl,2018-01-06 14:25:37,,,,30,
VILELP78,Opeth,Still Life,Peaceville,"2xLP, Album, RE, 180",,2012,3711070,Vinyl,2015-06-12 18:29:37,,,,32,
PEL 056,Cult Of Luna / The Old Wind,Råångest,Pelagic Records,"12"", EP, Ltd, Bla",,2015,7864658,Vinyl,2018-01-06 14:26:52,,,,16,
PEL035,Cult Of Luna,Eternal Music,Pelagic Records,"LP, Album, RP",,2016,8551959,Vinyl,2018-01-06 14:26:33,,,,30,
PFL-084,The Atlas Moth,An Ache For The Distance,Profound Lore Records,"CD, Album",,2011,3136106,CD,2015-06-12 18:43:33,,,,10,
PFL-146,Full Of Hell · Merzbow,Full Of Hell · Merzbow,Profound Lore Records,"CD, Album + CD",,2014,6310882,CD,2015-05-27 13:00:01,,,,10,
PFL-163.5,Geryon (3),The Wound And The Bow,Profound Lore Records,"LP, Album, Ltd",,2016,8533900,Vinyl,2019-01-11 17:24:07,,,,5.50,
PFL115,Altar Of Plagues,Teethed Glory And Injury,Profound Lore Records,"2xLP, Album, Ltd",5,2013,4826356,Vinyl,2017-10-30 23:26:07,,,,$36.50,
PFL127.5,Artificial Brain,Labyrinth Constellation,Profound Lore Records,"LP, Album, Ltd, RE, Gre",,2016,8503275,Vinyl,2017-02-05 05:54:09,,,,20,Yes
PFL183LP,Artificial Brain,Infrared Horizon,Profound Lore Records,"LP, Album, Cle",,2017,10137189,Vinyl,2017-04-24 06:26:21,,,,25,
"pfl-140-1, PFL 140",Pallbearer,Foundations Of Burden,"Profound Lore Records, Profound Lore Records","2xLP, Album",,2014,5997254,Vinyl,2014-12-23 19:55:11,,,,25,
10064,Gojira (2),The Way Of All Flesh,Prosthetic Records,"2xLP, Album, Ltd, RP, Cle",5,2013,4814508,Vinyl,2014-09-05 10:21:17,,,,30,Yes
10133-1,Scale The Summit,The Migration,Prosthetic Records,"LP, Album, Ltd, Whi",,2013,5230242,Vinyl,2014-12-14 10:46:47,,,Sell,12,
6561910070-2,Scale The Summit,Carving Desert Canyons,Prosthetic Records,"CD, Album",,2009,2797173,CD,2014-03-25 19:36:38,,,Sell,7,
6561910160-1,Skeletonwitch,Serpents Unleashed,Prosthetic Records,"LP, Album, Red",5,2013,5102118,Vinyl,2013-12-27 19:14:28,,,,22,Yes
8921,Last Chance To Reason,Level 2,Prosthetic Records,"CD, Album",,2011,4774620,CD,2015-11-30 21:49:59,,,,10,
none,Scale The Summit,The Collective,Prosthetic Records,"CD, Album",,2011,3314668,CD,2013-12-27 19:02:44,,,Sell,8,
none,Scale The Summit,The Collective,Prosthetic Records,"LP, Album",,2012,3416978,Vinyl,2013-12-27 19:02:50,,,Sell,17,
none,Scale The Summit,The Migration,Prosthetic Records,"CD, Album",,2013,4651287,CD,2013-12-27 18:55:30,,,Sell,15,
none,Last Chance To Reason,Level 3,Prosthetic Records,"LP, Ele",,2013,4844446,Vinyl,2015-08-06 12:15:16,,,,12,
PROS 103441,Skeletonwitch,Forever Abomination,Prosthetic Records,"LP, Ltd, RE, Gre",,2018,12002077,Vinyl,2019-07-21 20:20:00,,,,18,
PROS10070-1,Scale The Summit,Carving Desert Canyons,Prosthetic Records,"LP, Ltd, Sar",,2014,5915557,Vinyl,2014-09-05 10:11:25,,,Sell,25,
PROS10181-1,So Hideous,Last Poem / First Light,Prosthetic Records,LP,5,2014,5647812,Vinyl,2015-09-09 11:33:24,,,,20,
PROS102841,Without Waves,Lunar,Prosthetic Records,"2x12"", Album, Ltd, Cle",5,2017,10363398,Vinyl,2017-06-30 17:31:14,,,,25,
raw-13,Thou (2),The House Primordial,Raw Sugar Records,"12"", EP, Ltd",5,2018,12075927,Vinyl,2018-08-04 08:31:45,,,,10,
AFL1-3516,Scorpions,Best Of Scorpions,RCA Victor,"LP, Comp",,1979,3632339,Vinyl,2020-02-22 15:47:51,,,,2,
19075811241,Glassjaw,Material Control,RED MUSIC (4),"LP, Album, Ltd, Num, 180",,2018,11785626,Vinyl,2018-04-10 19:54:13,,,,20,
none,Various,This Box Kills Fascists Always,Relapse Records,"7x7"", Comp",,2009,1664988,Vinyl,2018-05-29 18:21:28,,,,10,
RR 6427-2,The Dillinger Escape Plan,Calculating Infinity,Relapse Records,"CD, Album",,1999,5536513,CD,2015-06-12 18:44:49,,,,1,
RR 6583-1,Mastodon,Remission,Relapse Records,"2x12"", Album, RE, RM, RP",,0,8863478,Vinyl,2016-12-03 11:44:28,,,,15,
RR 6721,Baroness,Red Album,Relapse Records,"2x12"", Album, Ltd, RP, Pin",5,2015,7721994,Vinyl,2015-12-09 09:20:46,,,,19.63,
RR 7215,Mastodon,Remission,Relapse Records,"Box, Album, Dlx, RE, RM + LP, Gol + LP, S/Sided, E",5,2014,5936148,Vinyl,2014-09-05 10:13:20,,,Sell,55,
RR 7269,Yob,Clearing The Path To Ascend,Relapse Records,"2xLP, Album, Ltd, RP, Yel",4,2015,7597610,Vinyl,2015-12-09 09:21:06,,,,18.13,
RR6618,Pig Destroyer,Terrifyer,Relapse Records,"LP, Album, Ltd, RE, Whi",5,2016,8078374,Vinyl,2016-02-12 10:24:53,,,,21,Yes
RR6628,Necrophagist,Epitaph,Relapse Records,"LP, Album, RE",5,2017,9820059,Vinyl,2017-03-12 13:03:45,,,,21,
RR6717,Pig Destroyer,Phantom Limb,Relapse Records,"LP, Album, Ltd, RE, Whi",5,2016,8078473,Vinyl,2016-02-12 10:25:03,,,,21,Yes
RR7053,Baroness,Blue Record,Relapse Records,"2x12"", Album, Ltd, RP, Gre",5,2009,2360222,Vinyl,2015-11-01 16:17:09,,,,17,
RR7142,Devourment,Conceived In Sewage,Relapse Records,"LP, Cle",4,2013,4335957,Vinyl,2015-12-09 09:22:09,,,,13.63,
RR7203,Pig Destroyer,Book Burner,Relapse Records,"LP, Album, Blu + 12"", S/Sided, EP, Etch, Blu + Dlx",,2012,3848808,Vinyl,2014-03-25 19:30:35,,,,20,Yes
RR7206,Inter Arma,Sky Burial ,Relapse Records,"2xLP, Album",5,2013,4398750,Vinyl,2016-04-23 14:25:58,Mint (M),Mint (M),,19,
RR7223,Ulcerate,Vermis,Relapse Records,"2x12"", Album, Ltd, RP, Red",,2013,5048064,Vinyl,2014-09-05 10:12:56,,,,30,Yes
RR7238,Pig Destroyer,Prowler In The Yard,Relapse Records,"LP, Album, Ltd, RE, RM, Bee",,2018,12423818,Vinyl,2019-01-11 17:21:27,,,,23,
RR7246,Inter Arma,The Cavern,Relapse Records,"LP, EP",5,2014,6162791,Vinyl,2015-12-09 09:21:23,,,,12.88,
RR7278,Myrkur (4),Myrkur,Relapse Records,"12"", EP",,2014,6097881,Vinyl,2016-12-02 21:04:29,,,,11,
RR7292,Myrkur (4),M,Relapse Records,"LP, Album, Ltd, Whi",4,2015,7326400,Vinyl,2015-08-23 17:48:56,,,,20,
rr7293,Valkyrie (3),Shadows,Relapse Records,"LP, Album, Ltd, Whi",,2015,7025912,Vinyl,2015-06-12 18:36:18,,,,23,Yes
RR7340,Inter Arma,Paradise Gallows,Relapse Records,"2xLP, Album, Ltd, Blu",,2016,8707949,Vinyl,2016-12-02 21:11:03,,,,16,Yes
RR7349,Survive (4),RR7349,Relapse Records,"LP, Album",,2016,9108160,Vinyl,2016-12-02 21:06:54,,,,13,
RR7355,Ulcerate,Shrines Of Paralysis,Relapse Records,"2xLP, Album, Ltd, Gol",,2016,9231142,Vinyl,2016-11-25 15:10:02,,,,25,Yes
RR7360,Pig Destroyer,Head Cage,Relapse Records,"LP, Album, Ltd, Cle",,2018,12476306,Vinyl,2019-01-11 17:22:18,,,,26,
RR7282,Neurosis,Through Silver In Blood,"Relapse Records, Neurot Recordings","2xLP, Album, RE, 180",5,2015,7404382,Vinyl,2015-10-06 12:51:19,,,,17,Yes
RR7283,Neurosis,Times Of Grace,"Relapse Records, Neurot Recordings","2xLP, Album, RE, 180",5,2015,7404571,Vinyl,2015-10-06 12:51:44,,,,17,Yes
RR6427,The Dillinger Escape Plan,Calculating Infinity,"Relapse Records, Party Smasher Inc.","LP, Album, RE, RP",,2016,7963972,Vinyl,2016-12-02 21:07:36,,,,13,
"RR 6515-1, RR6515",Mastodon,Call Of The Mastodon,"Relapse Records, Relapse Records","LP, Comp, RP, Whi",,2014,5617473,Vinyl,2014-09-05 10:13:36,,,,18,
"RR 6622-1, RR6622-1",Mastodon,Leviathan,"Relapse Records, Relapse Records","LP, Album, Ltd, RP, Yel",,2013,5016167,Vinyl,2013-12-27 19:58:06,,,,17,
"RR3410, RR7247",Nothing (12),Guilty Of Everything,"Relapse Records, Relapse Records","LP, Album, Ltd, RP, Red",,2014,5846208,Vinyl,2014-09-05 10:17:01,,,,20,Yes
RR01,Vestiges,The Descent Of Man,Replenish records,"2xCD, Album, Comp, Ltd, RE, RM",,2013,4989591,CD,2015-06-12 18:45:12,,,,8,
RR15,Falls Of Rauros,The Light That Dwells In Rotten Wood,Replenish Records,"2xLP, Ltd",,2013,4987272,Vinyl,2014-10-05 18:52:09,,,,18,Yes
528158-1,Mastodon,The Hunter,Reprise Records,"LP, Ltd, RP, Red",4,2015,7400680,Vinyl,2015-10-06 12:53:55,,,,12,
543021-1,Mastodon,Once More 'Round The Sun,Reprise Records,"2xLP, Album",,2014,5834565,Vinyl,2014-09-05 10:14:25,,,,20,
543021-2,Mastodon,Once More 'Round The Sun,Reprise Records,"CD, Album",,2014,5885800,CD,2014-09-05 10:14:31,,,,10,
44364-1,Mastodon,Blood Mountain,"Reprise Records, Relapse Records","LP, Album, RE, RP",,2010,3961187,Vinyl,2014-09-05 10:13:53,,,,15,
459132-1,Mastodon,Crack The Skye,"Reprise Records, Sire, Relapse Records","LP, Album",,2009,1769979,Vinyl,2014-09-05 10:14:10,,,,15,
REP-100,Hatebeak,Number Of The Beak,Reptilian Records,"LP, Album, Whi",4,2015,7220286,Vinyl,2015-08-06 12:31:49,,,Sell,23,Yes
RBR050,Oranssi Pazuzu,Live At Roadburn,Roadburn Records,"LP + LP, S/Sided + Album",,2019,14248036,Vinyl,2020-02-22 15:59:37,,,,15,
1686-179624,Opeth,Watershed,Roadrunner Records,"2xLP, Album, Ltd, RE, Gre",,2014,5615317,Vinyl,2014-05-05 21:17:13,,,,30,
RRCAR 7705-1,Opeth,Heritage,Roadrunner Records,"2xLP, Album, Ltd, RP, Cle",4,2013,4555439,Vinyl,2014-12-14 10:44:47,,,,40,Yes
RRCAR 8123-1,Opeth,Ghost Reveries,"Roadrunner Records, Cargo Records","2xLP, Album, RE, 180",,2013,4909740,Vinyl,2014-09-05 10:16:00,,,,40,
"1686-177528, RR 0919-9",Opeth,In Live Concert At The Royal Albert Hall,"Roadrunner Records, Roadrunner Records","4xLP + 2xDVD-V, Multichannel + Box, Ltd, Num",5,2010,2469560,Vinyl,2014-09-05 10:18:12,,,,66,
"RR7573-1, 1686-17573-1, 1686-175131",Opeth,Pale Communion,"Roadrunner Records, Roadrunner Records, Roadrunner Records","2xLP, Album, Ltd, 180",,2014,6011316,Vinyl,2014-09-05 10:16:28,,,,29,
robo 071,Isis (6),In The Absence Of Truth,Robotic Empire,"2xLP, Album, Ltd, RP, Cle",,2014,6245210,Vinyl,2014-11-19 18:40:32,,,,27,
ROBO 096,Isis (6),Oceanic,Robotic Empire,"2xLP, Album, Ltd, RM, RP, Cre",,2014,6439069,Vinyl,2014-12-23 19:55:50,,,,22,Yes
ROBO 111,Thou (2),The Sacrifice,Robotic Empire,"12"", EP, Cle",,2014,5624710,Vinyl,2019-04-14 08:33:19,,,,10,
ROBO-041,Isis (6),Panopticon,Robotic Empire,"LP, Cle + LP, Ora + Album, Ltd, RM, RP, 7th",5,2014,6522885,Vinyl,2015-01-13 10:25:26,,,,27,Yes
ROBO-105,Isis (6),Celestial,Robotic Empire,"2xLP, Album, Ltd, RE, RM, Cle",4,2016,8086653,Vinyl,2016-02-12 10:24:29,,,,27,
ROBO118,Isis (6),Wavering Radiant,Robotic Empire,"2xLP, Ltd, RM, Blu",,2017,9808123,Vinyl,2017-02-09 17:39:38,,,,28,
OPETH001,Opeth,Book Of Opeth,Rocket 88 Books,"7"", EP, Cla",5,2016,8304894,Vinyl,2017-05-21 19:38:14,,,,,
LAUNCH062,Goat (22),Live Ballroom Ritual ,Rocket Recordings,"2xLP, Album",,2013,5170063,Vinyl,2014-09-05 10:23:13,,,Sell,20,
RRAOTS2,Outrun The Sunlight,Terrapin,Rogue Records America,"LP, Album, Ltd, Bon",5,2014,7845874,Vinyl,2015-12-16 14:30:44,,,,37,
SBR205,Thou (2),Magus,Sacred Bones Records,"2xLP, Album",,2018,12448098,Vinyl,2019-06-13 06:23:36,,,,25,
SH 143,Mutoid Man,Bleeder,Sargent House,"LP, Album",5,2015,7150727,Vinyl,2015-11-01 16:08:39,,,,16,Yes
SH066,Russian Circles,Empros,Sargent House,"CD, Album",,2011,3190885,CD,2014-03-25 19:36:54,,,,10,
SH197,Emma Ruth Rundle,On Dark Horses,Sargent House,"LP, Album",,2018,12498445,Vinyl,2019-05-19 12:21:24,,,,20,
SOS005,Set and Setting,Equanimity,Science of Silence Records,"12"", Opa",5,2013,4701121,Vinyl,2015-09-09 11:33:40,,,,15,
"SLS VOL 10, none",Vektor,Scion AV Presents: Label Showcase - Earache,"Scion Audio/Visual, Earache","10"", Promo",5,2013,7362303,Vinyl,2016-06-11 13:04:50,Very Good Plus (VG+),No Cover,,10,
SOM 182,Cynic (2),Traced In Air,Season Of Mist,"CD, Album",,2008,1734200,CD,2014-03-25 19:39:23,,,,14,
SOM 236,Cynic (2),Carbon-Based Anatomy,Season Of Mist,"CD, EP",,2011,3280929,CD,2014-03-25 19:39:48,,,,12,
SOM 300D,Cynic (2),Kindly Bent To Free Us,Season Of Mist,"CD, Album, Ltd, Dig",,2014,5413702,CD,2014-03-25 19:38:15,,,,14,
SOM 329,Archspire,The Lucid Collective,Season Of Mist,"CD, Album",,2014,5739737,CD,2015-06-12 18:45:40,,,,7,
SOM 442LP,Erdve,Vaitojimas,Season Of Mist,"LP, Album",,2017,11534929,Vinyl,2018-12-18 12:50:07,,,,14,
SOM331LP,Sólstafir,Ótta,Season Of Mist,"2xLP, Album, Ltd",,2014,6144050,Vinyl,2014-12-24 18:45:45,,,,12.50,Yes
"SOM 247LP, SOM247LP",Sólstafir,Svartir Sandar,"Season Of Mist, Season Of Mist","2xLP, Album",,2011,3200701,Vinyl,2014-12-24 18:45:16,,,,12.50,Yes
"SOM 344LP, SOM 344LPCT",Ne Obliviscaris,Citadel,"Season Of Mist, Season Of Mist","LP, Album, Ltd, Cle",,2014,6337021,Vinyl,2014-12-14 09:27:35,,,,20,
"SOM 380LP, SOM 380LPA",Zhrine,Unortheta,"Season Of Mist, Season Of Mist","LP, Album, Ltd, Sil",,2016,9352336,Vinyl,2016-12-02 21:03:40,,,,26,Yes
SR3060,Haken (2),Visions,Sensory,"CD, Album",,2011,3203747,CD,2017-03-11 19:31:03,,,,10,
SKR170LP,Haunt (7),If Icarus Could Fly,Shadow Kingdom Records,"LP, Album, Ltd, Yel",,2019,13273637,Vinyl,2019-07-21 20:23:03,,,,25,
SIGE 033,Old Man Gloom,The Ape Of God,SIGE,"LP, Album, Ltd, RP, Yel",5,2015,6804995,Vinyl,2015-08-06 12:14:03,,,,15,Yes
SIGE 034,Old Man Gloom,The Ape Of God,SIGE,"LP, Album",5,2014,6378477,Vinyl,2015-08-06 12:14:12,,,,15,Yes
SW-116,Magrudergrind,Magrudergrind,Six Weeks,"12"", Album, RP, Min",3,2009,6332577,Vinyl,2016-06-03 16:02:41,,,,7,
SOPR009,Beak,Eyrie,Someoddpilot Records,"12"", EP",,2012,3847433,Vinyl,2014-11-19 18:40:02,,,Sell,10,
EN 93680,Chevelle (2),This Type Of Thinking (Could Do Us In),Sony BMG Music Entertainment,"Hybrid, DualDisc, Multichannel, NTSC",,2005,1211160,CD,2015-07-14 08:39:12,,,,,
88875186381,Opeth,Lamentations Live At Shepherd's Bush Empire ,Sony Music,"3xLP, Album, RM, 180",,2016,8803337,Vinyl,2018-01-06 14:26:02,,,,30,
88875094281,Opeth,Deliverance & Damnation,"Sony Music, Music For Nations","3xLP, Album, 180 + Comp, RE, RM",5,2015,7665863,Vinyl,2015-11-18 11:14:49,,,,36,
LORD 224,Hissing,Hissing,Southern Lord,"7"", EP, Ltd, Tra",,2016,8530434,Vinyl,2016-06-09 12:02:04,,,,5,
LORD236,Power Trip (3),Nightmare Logic,Southern Lord,"LP, Album",5,2017,9847327,Vinyl,2018-01-28 18:16:00,,,,15,
"NAULA 102, 176398-1",Sólstafir,Köld,"Spikefarm Records, Spikefarm Records","CD, Album",,2009,1895920,CD,2015-06-12 18:44:28,,,,5,
SRC041,Chevelle (2),Wonder What's Next,SRC Vinyl,"2xLP, Album, Ltd, RE, Red",,2014,5839207,Vinyl,2014-09-05 10:24:04,,,,30,
SP 34,Nirvana,Bleach,Sub Pop,"LP, Album, RM",,2009,3742283,Vinyl,2014-09-05 10:25:25,,,,17,
SP1095,Goat (22),Commune,Sub Pop,"LP, Album",,2014,6097647,Vinyl,2014-10-05 18:53:19,,,Sell,16,
none,Ovid's Withering,Scryers Of The Ibis,Subliminal Groove Records (2),CD,,2013,5170986,CD,2014-10-10 07:34:19,,,,10,
SUM388,The Kindred (3),Life In Lucidity,Sumerian Records,"CD, Album",,2014,5482501,CD,2014-03-25 19:37:52,,,,10,
SUM539,Circa Survive,Descensus,Sumerian Records,"CD, Album",,2014,6475750,CD,2015-06-12 18:45:58,,,,7,
SVART188,Waste Of Space Orchestra,Syntheosis,Svart Records,"2xLP, Album, Ltd, Ora",,2019,13474890,Vinyl,2019-05-27 12:43:20,,,,24,
"SVART003, SPIN 080",Oranssi Pazuzu,Värähtelijä,"Svart Records, 20 Buck Spin","2xLP, Ltd, Blu",,2016,11636087,Vinyl,2020-02-22 15:59:22,,,,25,
"SVR226, SPIN059",Oranssi Pazuzu,Valonielu,"Svart Records, 20 Buck Spin","LP, Album, RE",,2017,10341101,Vinyl,2018-12-18 14:36:50,,,,15,
AE-02,Inferi (3),The Path Of Apotheosis,The Artisan Era,"2xLP, Ltd, Fir",,2014,6001992,Vinyl,2014-12-14 09:24:35,,,,23,Yes
AE-19,Warforged (2),I: Voice,The Artisan Era,"2xLP, Album, Ltd, Yel",5,2019,13582787,Vinyl,2019-05-07 20:16:14,,,,36,Yes
AE-19-2,Warforged (2),I: Voice,The Artisan Era,"CD, Album, Rel",,2019,13596263,CD,2019-05-19 12:20:15,,,,10,
TE010-1,Agalloch,Pale Folklore,The End Records,"2xLP, Album, RE, Whi",,2013,4532394,Vinyl,2014-09-05 10:17:18,,,,30,
THRILL 383,The Body (3) And Thou (2),"You, Whom I Have Always Hated",Thrill Jockey,"LP, Album, Ltd, Cle",,2015,6546814,Vinyl,2015-06-12 18:30:46,,,,15,
THRILL 403,Wrekmeister Harmonies,Night Of Your Ascension,Thrill Jockey,"LP, Album, Ltd, Whi",4,2015,7761470,Vinyl,2015-12-18 08:12:31,,,,15,
TSR051,Pianos Become The Teeth,The Lack Long After,Topshelf Records (2),"LP, RP, Ora",,2011,5638933,Vinyl,2014-11-19 18:41:55,,,,15,
TL 81-1,Rosetta (2),Flies To Flame,Translation Loss Records,"12"", EP, Yel",,2014,6384004,Vinyl,2017-04-27 19:01:07,,,,13,
TL23-1,Rosetta (2),Wake/Lift,Translation Loss Records,"2xLP, Album, RE, Aqu",,2016,8825837,Vinyl,2017-04-27 19:00:15,,,,15,
03185-1,Caspian (3),Dust And Disquiet,Triple Crown Records,"LP + LP, S/Sided + Album, Ltd, Pil",,2016,9262814,Vinyl,2016-11-13 17:46:20,,,,25,Yes
none,O'Brother,Endless Light,Triple Crown Records,"LP, Album, Ltd, Red",5,2016,8294756,Vinyl,2016-04-07 11:04:20,,,Used trade money,17,
none,Tiny Moving Parts,Swell,Triple Crown Records,"LP, Album, Pin",5,2018,11459927,Vinyl,2018-02-18 16:05:04,,,,12,
TZ 7092,Kayo Dot,Choirs Of The Eye,Tzadik,"CD, Album, Cre",5,2003,649369,CD,2017-04-02 18:17:40,,,,15,Yes
ULR-12025-2,Fallujah,The Harvest Wombs,Unique Leader Records,"CD, Album",,2011,3843668,CD,2014-09-05 10:11:55,,,,10,
ULR-12029-1,Gorod,A Perfect Absolution,Unique Leader Records,"LP, Album, Blu",,2012,5062573,Vinyl,2014-10-05 18:51:21,,,,12,
ULR12040-1,Deeds Of Flesh,Portals To Canaan,Unique Leader Records,"LP, Album, Cle",,2013,4783264,Vinyl,2015-06-12 18:33:59,,,Sell,10,
ULR12048-1,Fallujah,-Nomadic-,Unique Leader Records,"10"", EP",,2013,6031054,Vinyl,2014-09-05 10:29:20,,,Sell,18,Yes
ULR12051-2,Alterbeast,Immortal,Unique Leader Records,CD,,2014,5580504,CD,2014-10-10 07:33:33,,,,10,Yes
ULR12058-1,Fallujah,The Flesh Prevails,Unique Leader Records,"LP, Album, Ltd",,2014,5978689,Vinyl,2014-09-05 10:11:41,,,Sell,20,Yes
ULR12058-2,Fallujah,The Flesh Prevails,Unique Leader Records,"CD, Album",,2014,5929062,CD,2014-09-05 10:11:47,,,Sell,10,
ULR12076-1,Gorod,A Maze Of Recycled Creeds,Unique Leader Records,"LP, Album, Ltd, Bla",4,2015,7677306,Vinyl,2015-12-21 13:05:25,,,,16,
0602557945874,Lorde,Melodrama,Universal Music Group New Zealand,"LP, Album, Dlx, Blu",5,2018,11816030,Vinyl,2018-04-10 19:55:13,,,,31,
"UT29, FR 004",Bongripper,Satan Worshipping Doom,"Universal Tongue, Féretro Records","CD, Album, Ltd",,2010,2891490,CD,2015-03-07 18:11:13,,,,5,
VR494,Murder By Death,Red Of Tooth And Claw,Vagrant Records,"LP, Album, RP, 200",,2008,4522790,Vinyl,2014-09-05 10:24:22,,,,25,
"VÁN253, VAN253",Sinmara,Hvísl Stjarnanna,"Ván, Ván","LP, Album, Ltd",,2019,13322086,Vinyl,2019-04-14 08:37:46,,,,25,
none,Vukari,Aevum,Vendetta Records (3),"LP, Album, Ltd, Gol",,2019,14304541,Vinyl,2020-02-22 16:06:23,,,,23,
VR 131,Vukari,Matriarch,Vendetta Records (3),"LP, Album, Cle",5,2017,9876021,Vinyl,2017-09-21 11:44:32,,,,20,
VR124,Vukari,Divination,Vendetta Records (3),"LP, Album, Red",5,2017,9733913,Vinyl,2017-09-21 11:44:52,,,,20,
VR210,Between The Buried And Me,The Silent Circus,Victory Records,"2xLP, Album, Ltd, RP",,2014,7059448,Vinyl,2015-05-27 12:51:39,,,,6,
VR224,Between The Buried And Me,Between The Buried And Me,Victory Records,"LP, Album, RP",,2014,6583712,Vinyl,2015-03-13 20:56:54,,,,6,
VR262,Between The Buried And Me,Alaska,Victory Records,"2xLP, Album",,2013,4878982,Vinyl,2014-03-25 19:35:00,,,,18,
VR297,Between The Buried And Me,The Anatomy Of,Victory Records,"2xLP, Album, Ltd,  Or",,2013,4493447,Vinyl,2015-06-22 19:03:51,,,,21,
VR351,Between The Buried And Me,Colors,Victory Records,"2xLP, Album, RP",,2013,4798743,Vinyl,2013-12-27 18:24:09,,,,20,
VR533,Between The Buried And Me,The Great Misdirect,Victory Records,"2xLP, Album, Ltd, Ora",,2010,2197741,Vinyl,2014-03-25 19:33:40,,,,18,
"VIT037, DTR-031, BV-007",Thou (2),Ceremonies Of Humiliation ,"Vitriol Records, Dead Tank Records, Bloated Veins","3xLP, Comp, RP",,2014,6531765,Vinyl,2019-04-14 08:36:17,,,,25,
WCR 004,Rosetta (2),The Anaesthete,War Crime Recordings,"2xLP, Album, Ltd, Yel",5,2014,6136024,Vinyl,2017-04-12 18:00:15,,,,30,Yes
WCR-010,Rosetta (2),Quintessential Ephemera,War Crime Recordings,"2xLP, Album, Ltd, Cle",5,2015,7217454,Vinyl,2016-02-26 11:06:53,,,,15,Yes
WOM047,Martyr (7),Hopeless Hopes,"War On Music, Galy Records","LP, Album, Ltd, RE, Blu",5,2013,4820495,Vinyl,2014-10-05 18:51:54,,,,11,
WT-111,Ulcerate,The Destroyers Of All,Willowtip,"2xLP, Album, RP",,2017,11278076,Vinyl,2018-03-25 14:17:58,,,,24,
WT-69-2,Ulcerate,Everything Is Fire,Willowtip,"2x12"", Album, Ltd, Ora",,2016,8051533,Vinyl,2016-11-25 15:09:40,,,,24,
